{
    "accuracy": 0.405,
    "precision": 0.3923593158742647,
    "recall": 0.405,
    "f1": 0.3699432695451002,
    "roc_auc": null
}