{
    "accuracy": 0.4,
    "precision": 0.36564193489725405,
    "recall": 0.4,
    "f1": 0.3550605778191985,
    "roc_auc": null
}